<?xml version='1.0'?>
<module>
<name>cbZone</name>
<label>cbZone</label>
<parent>Tools</parent>
<version>1.0</version>
<short_description>coreBOS Zone module</short_description>
<dependencies>
<vtiger_version>5.4.0</vtiger_version>
<vtiger_max_version>5.*</vtiger_max_version>
</dependencies>
<license>
<inline><![CDATA[/*************************************************************************************************
 * Copyright 2015 Opencubed -- This file is a part of TSOLUCIO coreBOS customizations.
 * You can copy, adapt and distribute the work under the "Attribution-NonCommercial-ShareAlike"
 * Vizsage Public License (the "License"). You may not use this file except in compliance with the
 * License. Roughly speaking, non-commercial users may share and modify this code, but must give credit
 * and share improvements. However, for proper details please read the full License, available at
 * http://vizsage.com/license/Vizsage-License-BY-NC-SA.html and the handy reference for understanding
 * the full license at http://vizsage.com/license/Vizsage-Deed-BY-NC-SA.html. Unless required by
 * applicable law or agreed to in writing, any software distributed under the License is distributed
 * on an  "AS IS" BASIS, WITHOUT WARRANTIES OR CONDITIONS OF ANY KIND, either express or implied.
 * See the License for the specific language governing permissions and limitations under the
 * License terms of Creative Commons Attribution-NonCommercial-ShareAlike 3.0 (the License).
 *************************************************************************************************
 *  Module       : coreBOS cbZone
 *  Version      : 5.4.0
 *  Author       : Opencubed
 *************************************************************************************************/
]]></inline>
</license>
<tables>
<table>
<name>vtiger_cbzone</name>
<sql><![CDATA[CREATE TABLE `vtiger_cbzone` (
  `cbzoneid` int(11) NOT NULL,
  `cbzoneno` varchar(56) default NULL,
  `cbzone` varchar(200) default NULL,
  `active` varchar(3) default NULL,
  `pdoid` int(11) default NULL,
    index (`cbzone`),
    index (`active`),
  PRIMARY KEY (`cbzoneid`)
) ENGINE=InnoDB DEFAULT CHARSET=utf8]]></sql>
</table>
<table>
<name>vtiger_cbzonecf</name>
<sql><![CDATA[CREATE TABLE `vtiger_cbzonecf` (
  `cbzoneid` int(11) NOT NULL,
  PRIMARY KEY (`cbzoneid`)
) ENGINE=InnoDB DEFAULT CHARSET=utf8]]></sql>
</table>
</tables>
<blocks>
<block>
<label>LBL_ZONE_INFORMATION</label>
<fields>
<field>
<fieldname>cbzone</fieldname>
<uitype>2</uitype>
<columnname>cbzone</columnname>
<tablename>vtiger_cbzone</tablename>
<generatedtype>1</generatedtype>
<fieldlabel>cbzone</fieldlabel>
<readonly>1</readonly>
<presence>0</presence>
<selected>0</selected>
<sequence>1</sequence>
<maximumlength>100</maximumlength>
<typeofdata>V~M</typeofdata>
<quickcreate>0</quickcreate>
<quickcreatesequence>0</quickcreatesequence>
<displaytype>1</displaytype>
<info_type>BAS</info_type>
<helpinfo><![CDATA[]]></helpinfo>
<masseditable>1</masseditable>
<entityidentifier>
<entityidfield>cbzoneid</entityidfield>
<entityidcolumn>cbzoneid</entityidcolumn>
</entityidentifier>
</field>
<field>
<fieldname>assigned_user_id</fieldname>
<uitype>53</uitype>
<columnname>smownerid</columnname>
<tablename>vtiger_crmentity</tablename>
<generatedtype>1</generatedtype>
<fieldlabel>Assigned To</fieldlabel>
<readonly>1</readonly>
<presence>0</presence>
<selected>0</selected>
<sequence>2</sequence>
<maximumlength>100</maximumlength>
<typeofdata>V~M</typeofdata>
<quickcreate>1</quickcreate>
<quickcreatesequence>1</quickcreatesequence>
<displaytype>1</displaytype>
<info_type>BAS</info_type>
<helpinfo><![CDATA[]]></helpinfo>
<masseditable>1</masseditable>
</field>
<field>
<fieldname>active</fieldname>
<uitype>56</uitype>
<columnname>active</columnname>
<tablename>vtiger_cbzone</tablename>
<generatedtype>1</generatedtype>
<fieldlabel>Active</fieldlabel>
<readonly>1</readonly>
<presence>0</presence>
<selected>0</selected>
<sequence>3</sequence>
<maximumlength>100</maximumlength>
<typeofdata>C~O</typeofdata>
<quickcreate>0</quickcreate>
<quickcreatesequence>0</quickcreatesequence>
<displaytype>1</displaytype>
<info_type>BAS</info_type>
<helpinfo><![CDATA[]]></helpinfo>
<masseditable>1</masseditable>
</field>
<field>
<fieldname>created_user_id</fieldname>
<uitype>52</uitype>
<columnname>smcreatorid</columnname>
<tablename>vtiger_crmentity</tablename>
<generatedtype>1</generatedtype>
<fieldlabel>Created By</fieldlabel>
<readonly>1</readonly>
<presence>0</presence>
<selected>0</selected>
<sequence>4</sequence>
<maximumlength>100</maximumlength>
<typeofdata>V~O</typeofdata>
<quickcreate>3</quickcreate>
<quickcreatesequence>1</quickcreatesequence>
<displaytype>2</displaytype>
<info_type>BAS</info_type>
<helpinfo><![CDATA[]]></helpinfo>
<masseditable>0</masseditable>
</field>
<field>
<fieldname>createdtime</fieldname>
<uitype>70</uitype>
<columnname>createdtime</columnname>
<tablename>vtiger_crmentity</tablename>
<generatedtype>1</generatedtype>
<fieldlabel>Created Time</fieldlabel>
<readonly>1</readonly>
<presence>0</presence>
<selected>0</selected>
<sequence>5</sequence>
<maximumlength>100</maximumlength>
<typeofdata>DT~O</typeofdata>
<quickcreate>3</quickcreate>
<quickcreatesequence>8</quickcreatesequence>
<displaytype>2</displaytype>
<info_type>BAS</info_type>
<helpinfo><![CDATA[]]></helpinfo>
<masseditable>0</masseditable>
</field>
<field>
<fieldname>modifiedtime</fieldname>
<uitype>70</uitype>
<columnname>modifiedtime</columnname>
<tablename>vtiger_crmentity</tablename>
<generatedtype>1</generatedtype>
<fieldlabel>Modified Time</fieldlabel>
<readonly>1</readonly>
<presence>0</presence>
<selected>0</selected>
<sequence>6</sequence>
<maximumlength>100</maximumlength>
<typeofdata>DT~O</typeofdata>
<quickcreate>3</quickcreate>
<quickcreatesequence>9</quickcreatesequence>
<displaytype>2</displaytype>
<info_type>BAS</info_type>
<helpinfo><![CDATA[]]></helpinfo>
<masseditable>0</masseditable>
</field>
</fields>
</block>
<block>
<label>LBL_CUSTOM_INFORMATION</label>
</block>
<block>
<label>LBL_DESCRIPTION_INFORMATION</label>
<fields>
<field>
<fieldname>description</fieldname>
<uitype>19</uitype>
<columnname>description</columnname>
<tablename>vtiger_crmentity</tablename>
<generatedtype>1</generatedtype>
<fieldlabel>Description</fieldlabel>
<readonly>1</readonly>
<presence>2</presence>
<selected>0</selected>
<sequence>1</sequence>
<maximumlength>100</maximumlength>
<typeofdata>V~O</typeofdata>
<quickcreate>1</quickcreate>
<quickcreatesequence>10</quickcreatesequence>
<displaytype>1</displaytype>
<info_type>BAS</info_type>
<helpinfo><![CDATA[]]></helpinfo>
<masseditable>1</masseditable>
</field>
<field>
<fieldname>pdoid</fieldname>
<uitype>10</uitype>
<columnname>pdoid</columnname>
<tablename>vtiger_crmentity</tablename>
<generatedtype>1</generatedtype>
<fieldlabel>LBL_ELEMENT</fieldlabel>
<readonly>1</readonly>
<presence>0</presence>
<defaultvalue></defaultvalue>
<sequence>2</sequence>
<maximumlength>100</maximumlength>
<typeofdata>V~O</typeofdata>
<quickcreate>0</quickcreate>
<quickcreatesequence>2</quickcreatesequence>
<displaytype>1</displaytype>
<info_type>BAS</info_type>
<helpinfo><![CDATA[]]></helpinfo>
<masseditable>1</masseditable>
<relatedmodules>
<relatedmodule>Products</relatedmodule>
</relatedmodules>
</field>
</fields>
</block>
</blocks>
<customviews>
<customview>
<viewname>All</viewname>
<setdefault>false</setdefault>
<setmetrics>false</setmetrics>
<fields>
<field>
<fieldname>cbzone</fieldname>
<columnindex>0</columnindex>
</field>
<field>
<fieldname>active</fieldname>
<columnindex>1</columnindex>
</field>
<field>
<fieldname>pdoid</fieldname>
<columnindex>2</columnindex>
</field>
</fields>
</customview>
</customviews>
<sharingaccess>
<default>public</default>
</sharingaccess>
<actions>
<action>
<name><![CDATA[Merge]]></name>
<status>enabled</status>
</action>
<action>
<name><![CDATA[Import]]></name>
<status>enabled</status>
</action>
<action>
<name><![CDATA[Export]]></name>
<status>enabled</status>
</action>
</actions>
<relatedlists>
</relatedlists>
<events>
</events>
<customlinks>
</customlinks>
<crons>
</crons>
</module>
