<?xml version='1.0'?>
<schema>
	<tables>
		<table>
			<name>vtiger_cbzone</name>
			<sql><![CDATA[CREATE TABLE `vtiger_cbzone` (
  `cbzoneid` int(11) NOT NULL,
  `cbzoneno` varchar(56) default NULL,
  `cbzone` varchar(200) default NULL,
  `active` varchar(3) default NULL,
    index (`cbzone`),
    index (`active`),
  PRIMARY KEY (`cbzoneid`)
) ENGINE=InnoDB DEFAULT CHARSET=utf8]]></sql>
		</table>
		<table>
			<name>vtiger_cbzonecf</name>
			<sql><![CDATA[CREATE TABLE `vtiger_cbzonecf` (
  `cbzoneid` int(11) NOT NULL,
  PRIMARY KEY (`cbzoneid`)
) ENGINE=InnoDB DEFAULT CHARSET=utf8]]></sql>
		</table>
	</tables>
</schema>
